"request_parameters.type","request_parameters.amazon_domain","request_parameters.search_term","request_parameters.sort_by","request_parameters.page","request_parameters.custom_id","search_results.position","search_results.title","search_results.asin","search_results.link","search_results.image","search_results.rating","search_results.ratings_total","search_results.is_prime","search_results.sponsored","search_results.price.currency","search_results.price.value","search_results.page","search_results.add_on_item.is_add_on_item"
"search","amazon.com","monitor",,,,1,"Amazon Basics 24"" IPS Monitor 75 Hz Powered with AOC Technology FHD 1080P HDMI, Display Port and VGA Input VESA Compatible Built-in Speakers for Office and Home, Black","B08WJ26WP6","https://www.amazon.com/sspa/click?ie=UTF8&spc=MTo3MzYwMzk1NDUxNDQyMDkyOjE3MTIwODg4MDg6c3BfYXRmOjIwMDEwNTMzMDIxNDQ5ODo6MDo6&url=%2FAmazon-Basics-75hz-Panel-Monitor%2Fdp%2FB08WJ26WP6%2Fref%3Dsr_1_1_ffob_sspa%3Fdib%3DeyJ2IjoiMSJ9.zFt0exQsmrW8fC9KLtN_QLzwnl7MXEhcHKUX-utgV-TbBRbT5WePIMq-7YXz27juk2CmBjlKOmUWO2vBEuiNmwiqm-sVYkp3hRIUXHj858z04O5beEoWCTsjet7EwdI8Y336RyPTOLKUXoR1MurdiSe4gaddzRaAbnjnG-DbmE9tgJ5z7w2-LSfhJi98BzaVjGBDUcg_xdMXvp9PbDk3rgZlu3dhhwlQCxqL3Drs4IE.ndD33Q6amZDdklxPzCtj1LNM8SDfnQmx_sCdfYQbIGs%26dib_tag%3Dse%26keywords%3Dmonitor%26qid%3D1712088808%26sr%3D8-1-spons%26sp_csd%3Dd2lkZ2V0TmFtZT1zcF9hdGY%26psc%3D1","https://m.media-amazon.com/images/I/81arw1UlcrS._AC_UY218_.jpg",4.5,427,,,"USD",99.99,,
"search","amazon.com","monitor",,,,2,"Z-Edge 27-inch Curved Gaming Monitor, Full HD 1080P 1920x1080 LED Backlight Monitor, with 75Hz Refresh Rate and Eye-Care Technology, 178° Wide View Angle, Built-in Speakers, VGA+HDMI","B08H8JM216","https://www.amazon.com/sspa/click?ie=UTF8&spc=MTo3MzYwMzk1NDUxNDQyMDkyOjE3MTIwODg4MDg6c3BfYXRmOjMwMDE2MDU3OTQyOTYwMjo6MDo6&url=%2FZ-Edge-1920x1080-Backlight-Eye-Care-Technology%2Fdp%2FB08H8JM216%2Fref%3Dsr_1_2_sspa%3Fdib%3DeyJ2IjoiMSJ9.zFt0exQsmrW8fC9KLtN_QLzwnl7MXEhcHKUX-utgV-TbBRbT5WePIMq-7YXz27juk2CmBjlKOmUWO2vBEuiNmwiqm-sVYkp3hRIUXHj858z04O5beEoWCTsjet7EwdI8Y336RyPTOLKUXoR1MurdiSe4gaddzRaAbnjnG-DbmE9tgJ5z7w2-LSfhJi98BzaVjGBDUcg_xdMXvp9PbDk3rgZlu3dhhwlQCxqL3Drs4IE.ndD33Q6amZDdklxPzCtj1LNM8SDfnQmx_sCdfYQbIGs%26dib_tag%3Dse%26keywords%3Dmonitor%26qid%3D1712088808%26sr%3D8-2-spons%26sp_csd%3Dd2lkZ2V0TmFtZT1zcF9hdGY%26psc%3D1","https://m.media-amazon.com/images/I/91BsCfUIMML._AC_UY218_.jpg",4.4,930,true,true,"USD",169.99,,
"search","amazon.com","monitor",,,,3,"PHILIPS 22 inch Class Thin Full HD (1920 x 1080) 75Hz Monitor, VESA, HDMI & VGA Port, 4 Year Advance Replacement Warranty, 221V8LN","B0BRR4ZGNP","https://www.amazon.com/PHILIPS-Computer-Monitors-Replacement-221V8LN/dp/B0BRR4ZGNP/ref=sr_1_3?dib=eyJ2IjoiMSJ9.zFt0exQsmrW8fC9KLtN_QLzwnl7MXEhcHKUX-utgV-TbBRbT5WePIMq-7YXz27juk2CmBjlKOmUWO2vBEuiNmwiqm-sVYkp3hRIUXHj858z04O5beEoWCTsjet7EwdI8Y336RyPTOLKUXoR1MurdiSe4gaddzRaAbnjnG-DbmE9tgJ5z7w2-LSfhJi98BzaVjGBDUcg_xdMXvp9PbDk3rgZlu3dhhwlQCxqL3Drs4IE.ndD33Q6amZDdklxPzCtj1LNM8SDfnQmx_sCdfYQbIGs&dib_tag=se&keywords=monitor&qid=1712088808&sr=8-3","https://m.media-amazon.com/images/I/71iMPr0C8KL._AC_UY218_.jpg",4.6,3010,true,,"USD",69.99,,
"search","amazon.com","monitor",,,,4,"Sceptre New 27-inch Gaming Monitor 100Hz 1ms DisplayPort HDMI x2 100% sRGB AMD FreeSync Build-in Speakers, Eye Care Frameless Machine Black 2024 (E275W-FW100T)","B0CHHSFMRL","https://www.amazon.com/Sceptre-DisplayPort-FreeSync-Frameless-E275W-FW100T/dp/B0CHHSFMRL/ref=sr_1_4?dib=eyJ2IjoiMSJ9.zFt0exQsmrW8fC9KLtN_QLzwnl7MXEhcHKUX-utgV-TbBRbT5WePIMq-7YXz27juk2CmBjlKOmUWO2vBEuiNmwiqm-sVYkp3hRIUXHj858z04O5beEoWCTsjet7EwdI8Y336RyPTOLKUXoR1MurdiSe4gaddzRaAbnjnG-DbmE9tgJ5z7w2-LSfhJi98BzaVjGBDUcg_xdMXvp9PbDk3rgZlu3dhhwlQCxqL3Drs4IE.ndD33Q6amZDdklxPzCtj1LNM8SDfnQmx_sCdfYQbIGs&dib_tag=se&keywords=monitor&qid=1712088808&sr=8-4","https://m.media-amazon.com/images/I/71jdr9u9YhL._AC_UY218_.jpg",4.6,31796,true,,"USD",109.97,,
"search","amazon.com","monitor",,,,5,"Sceptre Curved 24-inch Gaming Monitor 1080p R1500 98% sRGB HDMI x2 VGA Build-in Speakers, VESA Wall Mount Machine Black (C248W-1920RN Series)","B07KXSR99Y","https://www.amazon.com/Sceptre-Curved-Monitor-Speakers-C248W-1920RN/dp/B07KXSR99Y/ref=sr_1_5?dib=eyJ2IjoiMSJ9.zFt0exQsmrW8fC9KLtN_QLzwnl7MXEhcHKUX-utgV-TbBRbT5WePIMq-7YXz27juk2CmBjlKOmUWO2vBEuiNmwiqm-sVYkp3hRIUXHj858z04O5beEoWCTsjet7EwdI8Y336RyPTOLKUXoR1MurdiSe4gaddzRaAbnjnG-DbmE9tgJ5z7w2-LSfhJi98BzaVjGBDUcg_xdMXvp9PbDk3rgZlu3dhhwlQCxqL3Drs4IE.ndD33Q6amZDdklxPzCtj1LNM8SDfnQmx_sCdfYQbIGs&dib_tag=se&keywords=monitor&qid=1712088808&sr=8-5","https://m.media-amazon.com/images/I/71P0M7tKjYL._AC_UY218_.jpg",4.6,20931,true,,"USD",89.97,,
"search","amazon.com","monitor",,,,6,"KOORUI 24 Inch Computer Monitor - FHD 1080P Gaming Monitor 165Hz VA 1ms 1800R LED Monitors with Ultra-Thin, HDMI X2 /DP, VESA Compatible, Tilt Adjustable, Eye Care","B0C4DNVG5H","https://www.amazon.com/sspa/click?ie=UTF8&spc=MTo4NjI0NjEzNzU1MDEzMDkyOjE3MTIwODg4MDg6c3Bfc2VhcmNoX3RoZW1hdGljOjMwMDE2MDQzOTQwNzYwMjo6MDo6&url=%2FKOORUI-Inch-Computer-Monitor-Ultra-Thin%2Fdp%2FB0C4DNVG5H%2Fref%3Dsxin_15_pa_sp_search_thematic_sspa%3Fcontent-id%3Damzn1.sym.ca12f8c1-76fd-4ac1-bbce-756023729f33%253Aamzn1.sym.ca12f8c1-76fd-4ac1-bbce-756023729f33%26cv_ct_cx%3Dmonitor%26dib%3DeyJ2IjoiMSJ9.lCsOPqQR3fMf7IHAFrr1r-nHz27ckjgMi-bKzpVFLJhbIBNnKIgmkEuAMI5-IdGhlVBq9hC8vBZ4iA5nwCeU3g.cEllR4uJkcU_aaIGCBuxyE5itUoG8TDMhe66S9geZPY%26dib_tag%3Dse%26keywords%3Dmonitor%26pd_rd_i%3DB0C4DNVG5H%26pd_rd_r%3Dee4392bc-2c27-428b-89e9-85fe12786827%26pd_rd_w%3DRrvQb%26pd_rd_wg%3DFuWis%26pf_rd_p%3Dca12f8c1-76fd-4ac1-bbce-756023729f33%26pf_rd_r%3DD38XX0YZNGHDSRYKNPWK%26qid%3D1712088808%26sbo%3DTc8eqSFhUl4VwMzbE4fw%252Fw%253D%253D%26sr%3D1-1-dcde761d-946b-4c2a-8d56-295ef2b6f0f4-spons%26sp_csd%3Dd2lkZ2V0TmFtZT1zcF9zZWFyY2hfdGhlbWF0aWM%26psc%3D1","https://m.media-amazon.com/images/I/71hblCTcMVL._AC_UL320_.jpg",4.4,3434,true,,"USD",118.98,,
"search","amazon.com","monitor",,,,7,"KOORUI Gaming Monitor, 27 inch WQHD 2560 x 1440 PC Computer Monitor, Up to 240Hz Refresh, 1ms, Adaptive Sync, HDR10, DCI-P3 90%, 144Hz Monitor, DisplayPort, HDMI, Tilt Adjustability, Black - GN05","B0CC8XKK3N","https://www.amazon.com/sspa/click?ie=UTF8&spc=MTo4NjI0NjEzNzU1MDEzMDkyOjE3MTIwODg4MDg6c3Bfc2VhcmNoX3RoZW1hdGljOjMwMDE1ODUwNTQ3NjUwMjo6MTo6&url=%2FKOORUI-Computer-Adaptive-DisplayPort-Adjustability%2Fdp%2FB0CC8XKK3N%2Fref%3Dsxin_15_pa_sp_search_thematic_sspa%3Fcontent-id%3Damzn1.sym.ca12f8c1-76fd-4ac1-bbce-756023729f33%253Aamzn1.sym.ca12f8c1-76fd-4ac1-bbce-756023729f33%26cv_ct_cx%3Dmonitor%26dib%3DeyJ2IjoiMSJ9.lCsOPqQR3fMf7IHAFrr1r-nHz27ckjgMi-bKzpVFLJhbIBNnKIgmkEuAMI5-IdGhlVBq9hC8vBZ4iA5nwCeU3g.cEllR4uJkcU_aaIGCBuxyE5itUoG8TDMhe66S9geZPY%26dib_tag%3Dse%26keywords%3Dmonitor%26pd_rd_i%3DB0CC8XKK3N%26pd_rd_r%3Dee4392bc-2c27-428b-89e9-85fe12786827%26pd_rd_w%3DRrvQb%26pd_rd_wg%3DFuWis%26pf_rd_p%3Dca12f8c1-76fd-4ac1-bbce-756023729f33%26pf_rd_r%3DD38XX0YZNGHDSRYKNPWK%26qid%3D1712088808%26sbo%3DRZvfv%252F%252FHxDF%252BO5021pAnSA%253D%253D%26sr%3D1-2-dcde761d-946b-4c2a-8d56-295ef2b6f0f4-spons%26sp_csd%3Dd2lkZ2V0TmFtZT1zcF9zZWFyY2hfdGhlbWF0aWM%26psc%3D1","https://m.media-amazon.com/images/I/71U-KOQOYfL._AC_UL320_.jpg",4.3,3579,true,,"USD",222.98,,
"search","amazon.com","monitor",,,,8,"KOORUI 27-inch Computer Monitors IPS Monitor with Thin Full HD(1080p) 100Hz 99% sRGB HDMI&VGA Port, VESA Frameless,Built-in Speaker (N02)","B0CQCCNC34","https://www.amazon.com/sspa/click?ie=UTF8&spc=MTo4NjI0NjEzNzU1MDEzMDkyOjE3MTIwODg4MDg6c3Bfc2VhcmNoX3RoZW1hdGljOjMwMDE1OTE4NzMyNDYwMjo6Mjo6&url=%2FKOORUI-Computer-Monitors-Frameless-N02%2Fdp%2FB0CQCCNC34%2Fref%3Dsxin_15_pa_sp_search_thematic_sspa%3Fcontent-id%3Damzn1.sym.ca12f8c1-76fd-4ac1-bbce-756023729f33%253Aamzn1.sym.ca12f8c1-76fd-4ac1-bbce-756023729f33%26cv_ct_cx%3Dmonitor%26dib%3DeyJ2IjoiMSJ9.lCsOPqQR3fMf7IHAFrr1r-nHz27ckjgMi-bKzpVFLJhbIBNnKIgmkEuAMI5-IdGhlVBq9hC8vBZ4iA5nwCeU3g.cEllR4uJkcU_aaIGCBuxyE5itUoG8TDMhe66S9geZPY%26dib_tag%3Dse%26keywords%3Dmonitor%26pd_rd_i%3DB0CQCCNC34%26pd_rd_r%3Dee4392bc-2c27-428b-89e9-85fe12786827%26pd_rd_w%3DRrvQb%26pd_rd_wg%3DFuWis%26pf_rd_p%3Dca12f8c1-76fd-4ac1-bbce-756023729f33%26pf_rd_r%3DD38XX0YZNGHDSRYKNPWK%26qid%3D1712088808%26sbo%3DRZvfv%252F%252FHxDF%252BO5021pAnSA%253D%253D%26sr%3D1-3-dcde761d-946b-4c2a-8d56-295ef2b6f0f4-spons%26sp_csd%3Dd2lkZ2V0TmFtZT1zcF9zZWFyY2hfdGhlbWF0aWM%26psc%3D1","https://m.media-amazon.com/images/I/71CDHkOfmoL._AC_UL320_.jpg",4.4,1941,true,,"USD",99.59,,
"search","amazon.com","monitor",,,,9,"KOORUI 27 Inch FHD Monitor, Computer Monitors Full HD(1920 x 1080p) IPS Display 75Hz, HDMI, VGA, 5ms Response Time, 75 x 75 mm VESA Mountable, Frameless","B0B3DS23NB","https://www.amazon.com/sspa/click?ie=UTF8&spc=MTo4NjI0NjEzNzU1MDEzMDkyOjE3MTIwODg4MDg6c3Bfc2VhcmNoX3RoZW1hdGljOjMwMDE2MTE0MTEyMTkwMjo6Mzo6&url=%2FKOORUI-27-Inch-Monitor-Computer%2Fdp%2FB0B3DS23NB%2Fref%3Dsxin_15_pa_sp_search_thematic_sspa%3Fcontent-id%3Damzn1.sym.ca12f8c1-76fd-4ac1-bbce-756023729f33%253Aamzn1.sym.ca12f8c1-76fd-4ac1-bbce-756023729f33%26cv_ct_cx%3Dmonitor%26dib%3DeyJ2IjoiMSJ9.lCsOPqQR3fMf7IHAFrr1r-nHz27ckjgMi-bKzpVFLJhbIBNnKIgmkEuAMI5-IdGhlVBq9hC8vBZ4iA5nwCeU3g.cEllR4uJkcU_aaIGCBuxyE5itUoG8TDMhe66S9geZPY%26dib_tag%3Dse%26keywords%3Dmonitor%26pd_rd_i%3DB0B3DS23NB%26pd_rd_r%3Dee4392bc-2c27-428b-89e9-85fe12786827%26pd_rd_w%3DRrvQb%26pd_rd_wg%3DFuWis%26pf_rd_p%3Dca12f8c1-76fd-4ac1-bbce-756023729f33%26pf_rd_r%3DD38XX0YZNGHDSRYKNPWK%26qid%3D1712088808%26sbo%3DRZvfv%252F%252FHxDF%252BO5021pAnSA%253D%253D%26sr%3D1-4-dcde761d-946b-4c2a-8d56-295ef2b6f0f4-spons%26sp_csd%3Dd2lkZ2V0TmFtZT1zcF9zZWFyY2hfdGhlbWF0aWM%26psc%3D1","https://m.media-amazon.com/images/I/71rcExdSq0L._AC_UL320_.jpg",4.4,2657,true,,"USD",95.95,,
"search","amazon.com","monitor",,,,10,"Packard Bell 21 Inch Monitor FHD 1920 x 1080 for Computer, 75 Hz, 5 Milliseconds, Dual Monitor, Ultrawide Monitor, VESA Mount, Tilt, VGA and HDMI Monitor, Basic & Gaming Monitor – 2 Pack","B0BDBXV7T4","https://www.amazon.com/sspa/click?ie=UTF8&spc=MTo4NjI0NjEzNzU1MDEzMDkyOjE3MTIwODg4MDg6c3Bfc2VhcmNoX3RoZW1hdGljOjMwMDE0MjE1MzI2NzcwMjo6NDo6&url=%2FPackard-Bell-AirFrame-Milliseconds-Adjustment%2Fdp%2FB0BDBXV7T4%2Fref%3Dsxin_15_pa_sp_search_thematic_sspa%3Fcontent-id%3Damzn1.sym.ca12f8c1-76fd-4ac1-bbce-756023729f33%253Aamzn1.sym.ca12f8c1-76fd-4ac1-bbce-756023729f33%26cv_ct_cx%3Dmonitor%26dib%3DeyJ2IjoiMSJ9.lCsOPqQR3fMf7IHAFrr1r-nHz27ckjgMi-bKzpVFLJhbIBNnKIgmkEuAMI5-IdGhlVBq9hC8vBZ4iA5nwCeU3g.cEllR4uJkcU_aaIGCBuxyE5itUoG8TDMhe66S9geZPY%26dib_tag%3Dse%26keywords%3Dmonitor%26pd_rd_i%3DB0BDBXV7T4%26pd_rd_r%3Dee4392bc-2c27-428b-89e9-85fe12786827%26pd_rd_w%3DRrvQb%26pd_rd_wg%3DFuWis%26pf_rd_p%3Dca12f8c1-76fd-4ac1-bbce-756023729f33%26pf_rd_r%3DD38XX0YZNGHDSRYKNPWK%26qid%3D1712088808%26sbo%3DRZvfv%252F%252FHxDF%252BO5021pAnSA%253D%253D%26sr%3D1-5-dcde761d-946b-4c2a-8d56-295ef2b6f0f4-spons%26sp_csd%3Dd2lkZ2V0TmFtZT1zcF9zZWFyY2hfdGhlbWF0aWM%26psc%3D1","https://m.media-amazon.com/images/I/817zwrMy+XL._AC_UL320_.jpg",4.3,1307,,,"USD",117.99,,
"search","amazon.com","monitor",,,,11,"LG 22MR410-B 22-inch FHD Computer Monitor, 100Hz, 5ms, AMD FreeSync, Reader Mode & Flicker Safe, 3-Side Borderless Design, Black Stabilizer, Dynamic Action Sync, HDMI, D-Sub, Tilt Stand, Black","B0CJHG3Y22","https://www.amazon.com/LG-22MR410-B-Computer-Borderless-Stabilizer/dp/B0CJHG3Y22/ref=sr_1_6?dib=eyJ2IjoiMSJ9.zFt0exQsmrW8fC9KLtN_QLzwnl7MXEhcHKUX-utgV-TbBRbT5WePIMq-7YXz27juk2CmBjlKOmUWO2vBEuiNmwiqm-sVYkp3hRIUXHj858z04O5beEoWCTsjet7EwdI8Y336RyPTOLKUXoR1MurdiSe4gaddzRaAbnjnG-DbmE9tgJ5z7w2-LSfhJi98BzaVjGBDUcg_xdMXvp9PbDk3rgZlu3dhhwlQCxqL3Drs4IE.ndD33Q6amZDdklxPzCtj1LNM8SDfnQmx_sCdfYQbIGs&dib_tag=se&keywords=monitor&qid=1712088808&sr=8-6","https://m.media-amazon.com/images/I/51WTzCmcApL._AC_UY218_.jpg",4.5,533,true,,"USD",83.99,,
"search","amazon.com","monitor",,,,12,"Packard Bell 21 Inch Monitor FHD 1920 x 1080 Computer Monitor, 75 Hertz, 5 Milliseconds, Ultrawide Monitor, VESA Mount, Tilt Adjustment, VGA and HDMI Monitor, Basic Monitor and Gaming Monitor","B0BLQRXG6N","https://www.amazon.com/sspa/click?ie=UTF8&spc=MTo3MzYwMzk1NDUxNDQyMDkyOjE3MTIwODg4MDg6c3BfbXRmOjIwMDExMzY0MDEyNTk5ODo6MDo6&url=%2FPackard-Bell-Milliseconds-Ultrawide-Adjustment%2Fdp%2FB0BLQRXG6N%2Fref%3Dsr_1_7_sspa%3Fdib%3DeyJ2IjoiMSJ9.zFt0exQsmrW8fC9KLtN_QLzwnl7MXEhcHKUX-utgV-TbBRbT5WePIMq-7YXz27juk2CmBjlKOmUWO2vBEuiNmwiqm-sVYkp3hRIUXHj858z04O5beEoWCTsjet7EwdI8Y336RyPTOLKUXoR1MurdiSe4gaddzRaAbnjnG-DbmE9tgJ5z7w2-LSfhJi98BzaVjGBDUcg_xdMXvp9PbDk3rgZlu3dhhwlQCxqL3Drs4IE.ndD33Q6amZDdklxPzCtj1LNM8SDfnQmx_sCdfYQbIGs%26dib_tag%3Dse%26keywords%3Dmonitor%26qid%3D1712088808%26sr%3D8-7-spons%26sp_csd%3Dd2lkZ2V0TmFtZT1zcF9tdGY%26psc%3D1","https://m.media-amazon.com/images/I/812g2x2szfL._AC_UY218_.jpg",4.3,1307,,true,"USD",59.99,,
"search","amazon.com","monitor",,,,13,"Dell S2421HS Full HD 1920 x 1080, 24-Inch 1080p LED, 75Hz, Desktop Monitor with Adjustable Stand, 4ms Grey-to-Grey Response Time, AMD FreeSync, IPS Technology, HDMI, DisplayPort, Silver, 24.0"" FHD","B09SQYR4MM","https://www.amazon.com/Dell-S2421HS-Adjustable-Technology-DisplayPort/dp/B09SQYR4MM/ref=sr_1_8?dib=eyJ2IjoiMSJ9.zFt0exQsmrW8fC9KLtN_QLzwnl7MXEhcHKUX-utgV-TbBRbT5WePIMq-7YXz27juk2CmBjlKOmUWO2vBEuiNmwiqm-sVYkp3hRIUXHj858z04O5beEoWCTsjet7EwdI8Y336RyPTOLKUXoR1MurdiSe4gaddzRaAbnjnG-DbmE9tgJ5z7w2-LSfhJi98BzaVjGBDUcg_xdMXvp9PbDk3rgZlu3dhhwlQCxqL3Drs4IE.ndD33Q6amZDdklxPzCtj1LNM8SDfnQmx_sCdfYQbIGs&dib_tag=se&keywords=monitor&qid=1712088808&sr=8-8","https://m.media-amazon.com/images/I/71yI7N2eijL._AC_UY218_.jpg",4.6,1312,true,,"USD",99.99,,
"search","amazon.com","monitor",,,,14,"Portable-Monitor-for-Laptop - 15.6'' 1080P FHD IPS Display USB-C&HDMI Portable Monitor for Laptop with Cover and Speakers External Monitor for Laptop/PC/Mac/Phone/Xbox Switch/PS4","B0BTSFVMLV","https://www.amazon.com/VILVA-Portable-Monitor-Laptop-Portable-Speakers/dp/B0BTSFVMLV/ref=sr_1_9?dib=eyJ2IjoiMSJ9.zFt0exQsmrW8fC9KLtN_QLzwnl7MXEhcHKUX-utgV-TbBRbT5WePIMq-7YXz27juk2CmBjlKOmUWO2vBEuiNmwiqm-sVYkp3hRIUXHj858z04O5beEoWCTsjet7EwdI8Y336RyPTOLKUXoR1MurdiSe4gaddzRaAbnjnG-DbmE9tgJ5z7w2-LSfhJi98BzaVjGBDUcg_xdMXvp9PbDk3rgZlu3dhhwlQCxqL3Drs4IE.ndD33Q6amZDdklxPzCtj1LNM8SDfnQmx_sCdfYQbIGs&dib_tag=se&keywords=monitor&qid=1712088808&sr=8-9","https://m.media-amazon.com/images/I/81YY5q-fRYL._AC_UY218_.jpg",4.6,2511,true,,"USD",72.15,,
"search","amazon.com","monitor",,,,15,"Packard Bell 21 Inch Monitor FHD 1920 x 1080 Computer Monitor, 75 Hertz, 5 Milliseconds, Ultrawide Monitor, VESA Mount, Tilt Adjustment, VGA and HDMI Monitor, Basic Monitor and Gaming Monitor","B0BLQRXG6N","https://www.amazon.com/Packard-Bell-Milliseconds-Ultrawide-Adjustment/dp/B0BLQRXG6N/ref=sr_1_10?dib=eyJ2IjoiMSJ9.zFt0exQsmrW8fC9KLtN_QLzwnl7MXEhcHKUX-utgV-TbBRbT5WePIMq-7YXz27juk2CmBjlKOmUWO2vBEuiNmwiqm-sVYkp3hRIUXHj858z04O5beEoWCTsjet7EwdI8Y336RyPTOLKUXoR1MurdiSe4gaddzRaAbnjnG-DbmE9tgJ5z7w2-LSfhJi98BzaVjGBDUcg_xdMXvp9PbDk3rgZlu3dhhwlQCxqL3Drs4IE.ndD33Q6amZDdklxPzCtj1LNM8SDfnQmx_sCdfYQbIGs&dib_tag=se&keywords=monitor&qid=1712088808&sr=8-10","https://m.media-amazon.com/images/I/812g2x2szfL._AC_UY218_.jpg",4.3,1307,,,"USD",59.99,,
"search","amazon.com","monitor",,,,16,"SANSUI Monitor 24 inch 100Hz PC Monitor, VESA, HDMI VGA Ports, FHD Computer Monitor Ultra-Slim Ergonomic Tilt Eye Care for Home Office (ES-24F2, HDMI Cable Included)","B0B17KHCQN","https://www.amazon.com/SANSUI-Monitor-24-Ultra-Slim-Ergonomic-ES-24F1/dp/B0B17KHCQN/ref=sr_1_11?dib=eyJ2IjoiMSJ9.zFt0exQsmrW8fC9KLtN_QLzwnl7MXEhcHKUX-utgV-TbBRbT5WePIMq-7YXz27juk2CmBjlKOmUWO2vBEuiNmwiqm-sVYkp3hRIUXHj858z04O5beEoWCTsjet7EwdI8Y336RyPTOLKUXoR1MurdiSe4gaddzRaAbnjnG-DbmE9tgJ5z7w2-LSfhJi98BzaVjGBDUcg_xdMXvp9PbDk3rgZlu3dhhwlQCxqL3Drs4IE.ndD33Q6amZDdklxPzCtj1LNM8SDfnQmx_sCdfYQbIGs&dib_tag=se&keywords=monitor&qid=1712088808&sr=8-11","https://m.media-amazon.com/images/I/71bpmLxsMQL._AC_UY218_.jpg",4.3,3041,true,,"USD",79.99,,
"search","amazon.com","monitor",,,,17,"Portable Monitor,Portable Display,15.6 inch 1920 * 1080 Second Screen Portable Monitor Screen with usd Type-c Double Speaker for Laptop and Gaming Screen (15.6 FHD)","B0CMGH4P58","https://www.amazon.com/sspa/click?ie=UTF8&spc=MTo3MzYwMzk1NDUxNDQyMDkyOjE3MTIwODg4MDg6c3BfbXRmOjMwMDEyMTUxODEwNDYwMjo6MDo6&url=%2Fytk-Portable-Monitor-15-6-FHD%2Fdp%2FB0CMGH4P58%2Fref%3Dsr_1_12_sspa%3Fdib%3DeyJ2IjoiMSJ9.zFt0exQsmrW8fC9KLtN_QLzwnl7MXEhcHKUX-utgV-TbBRbT5WePIMq-7YXz27juk2CmBjlKOmUWO2vBEuiNmwiqm-sVYkp3hRIUXHj858z04O5beEoWCTsjet7EwdI8Y336RyPTOLKUXoR1MurdiSe4gaddzRaAbnjnG-DbmE9tgJ5z7w2-LSfhJi98BzaVjGBDUcg_xdMXvp9PbDk3rgZlu3dhhwlQCxqL3Drs4IE.ndD33Q6amZDdklxPzCtj1LNM8SDfnQmx_sCdfYQbIGs%26dib_tag%3Dse%26keywords%3Dmonitor%26qid%3D1712088808%26sr%3D8-12-spons%26sp_csd%3Dd2lkZ2V0TmFtZT1zcF9tdGY%26psc%3D1","https://m.media-amazon.com/images/I/71LntClFpCL._AC_UY218_.jpg",4.3,27,true,true,,,,
"search","amazon.com","monitor",,,,18,"Acer Nitro KG241Y Sbiip 23.8” Full HD (1920 x 1080) VA Gaming Monitor | AMD FreeSync Premium Technology | 165Hz Refresh Rate | 1ms (VRB) | ZeroFrame Design | 1 x Display Port 1.2 & 2 x HDMI 2.0,Black","B0B6DFG1FQ","https://www.amazon.com/Acer-Monitor-FreeSync-Technology-ZeroFrame/dp/B0B6DFG1FQ/ref=sr_1_13?dib=eyJ2IjoiMSJ9.zFt0exQsmrW8fC9KLtN_QLzwnl7MXEhcHKUX-utgV-TbBRbT5WePIMq-7YXz27juk2CmBjlKOmUWO2vBEuiNmwiqm-sVYkp3hRIUXHj858z04O5beEoWCTsjet7EwdI8Y336RyPTOLKUXoR1MurdiSe4gaddzRaAbnjnG-DbmE9tgJ5z7w2-LSfhJi98BzaVjGBDUcg_xdMXvp9PbDk3rgZlu3dhhwlQCxqL3Drs4IE.ndD33Q6amZDdklxPzCtj1LNM8SDfnQmx_sCdfYQbIGs&dib_tag=se&keywords=monitor&qid=1712088808&sr=8-13","https://m.media-amazon.com/images/I/71yo3bmyBnL._AC_UY218_.jpg",4.5,5195,true,,"USD",109.99,,
"search","amazon.com","monitor",,,,19,"SAMSUNG 27"" T35F Series FHD 1080p Computer Monitor, 75Hz, IPS Panel, HDMI, VGA (D-Sub), 3-Sided Border-Less, FreeSync, LF27T350FHNXZA","B08FF3JQ28","https://www.amazon.com/SAMSUNG-27-inch-Border-Less-FreeSync-LF27T350FHNXZA/dp/B08FF3JQ28/ref=sr_1_14?dib=eyJ2IjoiMSJ9.zFt0exQsmrW8fC9KLtN_QLzwnl7MXEhcHKUX-utgV-TbBRbT5WePIMq-7YXz27juk2CmBjlKOmUWO2vBEuiNmwiqm-sVYkp3hRIUXHj858z04O5beEoWCTsjet7EwdI8Y336RyPTOLKUXoR1MurdiSe4gaddzRaAbnjnG-DbmE9tgJ5z7w2-LSfhJi98BzaVjGBDUcg_xdMXvp9PbDk3rgZlu3dhhwlQCxqL3Drs4IE.ndD33Q6amZDdklxPzCtj1LNM8SDfnQmx_sCdfYQbIGs&dib_tag=se&keywords=monitor&qid=1712088808&sr=8-14","https://m.media-amazon.com/images/I/61B8Lq5NXmL._AC_UY218_.jpg",4.5,4523,true,,"USD",128.97,,
"search","amazon.com","monitor",,,,20,"SAMSUNG 27"" CF39 Series FHD 1080p Curved Computer Monitor, Ultra Slim Design, AMD FreeSync, 4ms response, HDMI, DisplayPort, VESA Compatible, Wide Viewing Angle, LC27F398FWNXZA, Black","B01CX26WIG","https://www.amazon.com/Samsung-LC27F398FWNXZA-C27F398-Curved-Monitor/dp/B01CX26WIG/ref=sr_1_15?dib=eyJ2IjoiMSJ9.zFt0exQsmrW8fC9KLtN_QLzwnl7MXEhcHKUX-utgV-TbBRbT5WePIMq-7YXz27juk2CmBjlKOmUWO2vBEuiNmwiqm-sVYkp3hRIUXHj858z04O5beEoWCTsjet7EwdI8Y336RyPTOLKUXoR1MurdiSe4gaddzRaAbnjnG-DbmE9tgJ5z7w2-LSfhJi98BzaVjGBDUcg_xdMXvp9PbDk3rgZlu3dhhwlQCxqL3Drs4IE.ndD33Q6amZDdklxPzCtj1LNM8SDfnQmx_sCdfYQbIGs&dib_tag=se&keywords=monitor&qid=1712088808&sr=8-15","https://m.media-amazon.com/images/I/91SZVWfPjdL._AC_UY218_.jpg",4.6,20631,true,,"USD",149.99,,
"search","amazon.com","monitor",,,,21,"LG 34WP60C-B 34-Inch 21:9 Curved UltraWide QHD (3440x1440) VA Display with sRGB 99% Color Gamut and HDR 10, AMD FreeSync Premium and 3-Side Virtually Borderless Screen Curved QHD Tilt,Black","B09XTNY742","https://www.amazon.com/LG-34WP60C-B-34-Inch-UltraWide-Borderless/dp/B09XTNY742/ref=sr_1_16?dib=eyJ2IjoiMSJ9.zFt0exQsmrW8fC9KLtN_QLzwnl7MXEhcHKUX-utgV-TbBRbT5WePIMq-7YXz27juk2CmBjlKOmUWO2vBEuiNmwiqm-sVYkp3hRIUXHj858z04O5beEoWCTsjet7EwdI8Y336RyPTOLKUXoR1MurdiSe4gaddzRaAbnjnG-DbmE9tgJ5z7w2-LSfhJi98BzaVjGBDUcg_xdMXvp9PbDk3rgZlu3dhhwlQCxqL3Drs4IE.ndD33Q6amZDdklxPzCtj1LNM8SDfnQmx_sCdfYQbIGs&dib_tag=se&keywords=monitor&qid=1712088808&sr=8-16","https://m.media-amazon.com/images/I/71xUGwGReSL._AC_UY218_.jpg",4.5,392,,,"USD",323.94,,
"search","amazon.com","monitor",,,,22,"KOORUI Monitor 27 Inch 1080p PC Monitor 3000:1 Contrast Ratio with HDMI VGA for Office and Home, 99% SRGB, Frameless, Eye Care, Tilt Adjustment, VESA Mountable, Black","B0C33GP4RB","https://www.amazon.com/sspa/click?ie=UTF8&spc=MTo3MzYwMzk1NDUxNDQyMDkyOjE3MTIwODg4MDg6c3BfbXRmOjMwMDE0NjA5NzMzOTgwMjo6MDo6&url=%2FKOORUI-Computer-Virtually-Borderless-Frameless%2Fdp%2FB0C33GP4RB%2Fref%3Dsr_1_17_sspa%3Fdib%3DeyJ2IjoiMSJ9.zFt0exQsmrW8fC9KLtN_QLzwnl7MXEhcHKUX-utgV-TbBRbT5WePIMq-7YXz27juk2CmBjlKOmUWO2vBEuiNmwiqm-sVYkp3hRIUXHj858z04O5beEoWCTsjet7EwdI8Y336RyPTOLKUXoR1MurdiSe4gaddzRaAbnjnG-DbmE9tgJ5z7w2-LSfhJi98BzaVjGBDUcg_xdMXvp9PbDk3rgZlu3dhhwlQCxqL3Drs4IE.ndD33Q6amZDdklxPzCtj1LNM8SDfnQmx_sCdfYQbIGs%26dib_tag%3Dse%26keywords%3Dmonitor%26qid%3D1712088808%26sr%3D8-17-spons%26sp_csd%3Dd2lkZ2V0TmFtZT1zcF9tdGY%26psc%3D1","https://m.media-amazon.com/images/I/71TOE0w7DzL._AC_UY218_.jpg",4.4,2638,true,true,"USD",89.99,,
"search","amazon.com","monitor",,,,23,"SAMSUNG 24"" Odyssey G32A FHD 1ms 165Hz Gaming Monitor with Eye Saver Mode, Free-Sync Premium, Height Adjustable Screen for Gamer Comfort, VESA Mount Capability, LS24AG320NNXZA","B09Q7P8VHN","https://www.amazon.com/SAMSUNG-Free-Sync-Adjustable-Capability-LS24AG320NNXZA/dp/B09Q7P8VHN/ref=sr_1_18?dib=eyJ2IjoiMSJ9.zFt0exQsmrW8fC9KLtN_QLzwnl7MXEhcHKUX-utgV-TbBRbT5WePIMq-7YXz27juk2CmBjlKOmUWO2vBEuiNmwiqm-sVYkp3hRIUXHj858z04O5beEoWCTsjet7EwdI8Y336RyPTOLKUXoR1MurdiSe4gaddzRaAbnjnG-DbmE9tgJ5z7w2-LSfhJi98BzaVjGBDUcg_xdMXvp9PbDk3rgZlu3dhhwlQCxqL3Drs4IE.ndD33Q6amZDdklxPzCtj1LNM8SDfnQmx_sCdfYQbIGs&dib_tag=se&keywords=monitor&qid=1712088808&sr=8-18","https://m.media-amazon.com/images/I/61Iyd1JyBcL._AC_UY218_.jpg",4.6,2584,true,,"USD",129.99,,
"search","amazon.com","monitor",,,,24,"Acer 27"" WQHD 240Hz 0.5ms AMD FreeSync Premium IPS Gaming Monitor (XV272U)","B0C1T35BCF","https://www.amazon.com/acer-Monitor-FreeSync-DisplayHDR-W2bmiiprx/dp/B0C1T35BCF/ref=sr_1_19?dib=eyJ2IjoiMSJ9.zFt0exQsmrW8fC9KLtN_QLzwnl7MXEhcHKUX-utgV-TbBRbT5WePIMq-7YXz27juk2CmBjlKOmUWO2vBEuiNmwiqm-sVYkp3hRIUXHj858z04O5beEoWCTsjet7EwdI8Y336RyPTOLKUXoR1MurdiSe4gaddzRaAbnjnG-DbmE9tgJ5z7w2-LSfhJi98BzaVjGBDUcg_xdMXvp9PbDk3rgZlu3dhhwlQCxqL3Drs4IE.ndD33Q6amZDdklxPzCtj1LNM8SDfnQmx_sCdfYQbIGs&dib_tag=se&keywords=monitor&qid=1712088808&sr=8-19","https://m.media-amazon.com/images/I/8184ONH1OxL._AC_UY218_.jpg",4.4,1178,true,,"USD",249.99,,
"search","amazon.com","monitor",,,,25,"Acer SB272U Ebiip 27"" WQHD 2560x1440 IPS Zero-Frame Gaming Office Monitor | AMD FreeSync Technology | Ultrathin Stylish Design | 100Hz | 1ms VRB | Low Blue Light | Display Port & 2 x HDMI 2.0 Ports","B0CDCJTXLP","https://www.amazon.com/2560x1440-Zero-Frame-FreeSync-Technology-Ultrathin/dp/B0CDCJTXLP/ref=sr_1_20?dib=eyJ2IjoiMSJ9.zFt0exQsmrW8fC9KLtN_QLzwnl7MXEhcHKUX-utgV-TbBRbT5WePIMq-7YXz27juk2CmBjlKOmUWO2vBEuiNmwiqm-sVYkp3hRIUXHj858z04O5beEoWCTsjet7EwdI8Y336RyPTOLKUXoR1MurdiSe4gaddzRaAbnjnG-DbmE9tgJ5z7w2-LSfhJi98BzaVjGBDUcg_xdMXvp9PbDk3rgZlu3dhhwlQCxqL3Drs4IE.ndD33Q6amZDdklxPzCtj1LNM8SDfnQmx_sCdfYQbIGs&dib_tag=se&keywords=monitor&qid=1712088808&sr=8-20","https://m.media-amazon.com/images/I/71u04dpUdoL._AC_UY218_.jpg",4.5,3013,,,"USD",129.99,,
"search","amazon.com","monitor",,,,26,"Acer Nitro 31.5"" FHD 1920 x 1080 1500R Curved PC Gaming Monitor | AMD FreeSync Premium | Up to 165Hz Refresh | 1ms VRB | VESA Mountable | HDR10 | 1 x Display Port 1.2 & 2 x HDMI 1.4 | EDA320Q Pbiipx","B0C9JN5TDZ","https://www.amazon.com/Monitor-FreeSync-Premium-Refresh-Mountable/dp/B0C9JN5TDZ/ref=sr_1_21?dib=eyJ2IjoiMSJ9.zFt0exQsmrW8fC9KLtN_QLzwnl7MXEhcHKUX-utgV-TbBRbT5WePIMq-7YXz27juk2CmBjlKOmUWO2vBEuiNmwiqm-sVYkp3hRIUXHj858z04O5beEoWCTsjet7EwdI8Y336RyPTOLKUXoR1MurdiSe4gaddzRaAbnjnG-DbmE9tgJ5z7w2-LSfhJi98BzaVjGBDUcg_xdMXvp9PbDk3rgZlu3dhhwlQCxqL3Drs4IE.ndD33Q6amZDdklxPzCtj1LNM8SDfnQmx_sCdfYQbIGs&dib_tag=se&keywords=monitor&qid=1712088808&sr=8-21","https://m.media-amazon.com/images/I/71LJbWPoPhL._AC_UY218_.jpg",4.6,1855,true,,"USD",169.99,,
"search","amazon.com","monitor",,,,27,"KOORUI Monitor 21.5 Inch Gaming Monitor FHD 1080P/Full HD 100HZ PC Monitor VA Panel LCD Display with Speakers Adpitive sync (HDMI/VGA/VESA Compatible/Audio Terminal) S01","B0C38FJ6HY","https://www.amazon.com/sspa/click?ie=UTF8&spc=MTo3MzYwMzk1NDUxNDQyMDkyOjE3MTIwODg4MDg6c3BfYnRmOjMwMDEyMzkyMDI3OTMwMjo6MDo6&url=%2FKOORUI-Speakers-Adpitive-Compatible-S01%2Fdp%2FB0C38FJ6HY%2Fref%3Dsr_1_22_sspa%3Fdib%3DeyJ2IjoiMSJ9.zFt0exQsmrW8fC9KLtN_QLzwnl7MXEhcHKUX-utgV-TbBRbT5WePIMq-7YXz27juk2CmBjlKOmUWO2vBEuiNmwiqm-sVYkp3hRIUXHj858z04O5beEoWCTsjet7EwdI8Y336RyPTOLKUXoR1MurdiSe4gaddzRaAbnjnG-DbmE9tgJ5z7w2-LSfhJi98BzaVjGBDUcg_xdMXvp9PbDk3rgZlu3dhhwlQCxqL3Drs4IE.ndD33Q6amZDdklxPzCtj1LNM8SDfnQmx_sCdfYQbIGs%26dib_tag%3Dse%26keywords%3Dmonitor%26qid%3D1712088808%26sr%3D8-22-spons%26sp_csd%3Dd2lkZ2V0TmFtZT1zcF9idGY%26psc%3D1","https://m.media-amazon.com/images/I/81h+GqPhA+L._AC_UY218_.jpg",4.4,2657,true,true,"USD",69.99,,